{
    "metrics": {
        "http_req_duration{scenario:product_ranking}": {
            "avg": 13.323253322259133,
            "min": 1.336,
            "med": 4.8695,
            "max": 363.256,
            "p(90)": 22.7266,
            "p(95)": 45.270449999999876,
            "thresholds": {
                "p(95)<2000": false
            }
        },
        "ranking_successful_queries": {
            "count": 602,
            "rate": 4.253745560753683
        },
        "order_create_time": {
            "p(90)": 663,
            "p(95)": 809.7999999999996,
            "avg": 233.70024370430545,
            "min": 5,
            "med": 122,
            "max": 1514
        },
        "http_req_failed": {
            "passes": 16296,
            "fails": 759,
            "value": 0.9554969217238346
        },
        "data_received": {
            "count": 6429510,
            "rate": 45431.06249222826
        },
        "coupon_successful_issues": {
            "count": 55,
            "rate": 0.38863123893928997
        },
        "http_req_duration{scenario:order_payment}": {
            "avg": 228.2549049553205,
            "min": 4.535,
            "med": 118.527,
            "max": 1513.1,
            "p(90)": 646.9827,
            "p(95)": 799.5636499999998,
            "thresholds": {
                "p(95)<3000": false
            }
        },
        "http_req_receiving": {
            "avg": 0.2954283787745533,
            "min": 0.014,
            "med": 0.124,
            "max": 129.877,
            "p(90)": 0.36,
            "p(95)": 0.604
        },
        "http_req_blocked": {
            "min": 0.001,
            "med": 0.29,
            "max": 277.48,
            "p(90)": 0.9426000000000003,
            "p(95)": 2.7812999999999994,
            "avg": 1.2089281735561423
        },
        "iterations": {
            "count": 16351,
            "rate": 115.53653432538782
        },
        "http_req_waiting": {
            "p(95)": 334.86669999999975,
            "avg": 73.76302398123688,
            "min": 1.256,
            "med": 18.662,
            "max": 1909.857,
            "p(90)": 173.4182
        },
        "vus_max": {
            "min": 200,
            "max": 200,
            "value": 200
        },
        "http_req_tls_handshaking": {
            "min": 0,
            "med": 0,
            "max": 0,
            "p(90)": 0,
            "p(95)": 0,
            "avg": 0
        },
        "http_req_duration{expected_response:true}": {
            "p(90)": 17.59240000000001,
            "p(95)": 26.024999999999984,
            "avg": 11.845753623188399,
            "min": 1.336,
            "med": 3.58,
            "max": 469.905
        },
        "vus": {
            "value": 93,
            "min": 0,
            "max": 100
        },
        "http_req_sending": {
            "avg": 0.2385380240398699,
            "min": 0.004,
            "med": 0.035,
            "max": 152.259,
            "p(90)": 0.083,
            "p(95)": 0.14329999999999923
        },
        "http_req_duration{scenario:coupon_issue}": {
            "avg": 51.83050598329223,
            "min": 1.443,
            "med": 15.718,
            "max": 1910.107,
            "p(90)": 110.9094,
            "p(95)": 180.03219999999976,
            "thresholds": {
                "p(95)<3000": false
            }
        },
        "data_sent": {
            "count": 3891856,
            "rate": 27499.94216460562
        },
        "http_reqs": {
            "count": 17055,
            "rate": 120.51101418381073
        },
        "ranking_query_time": {
            "min": 1,
            "med": 4,
            "max": 328,
            "p(90)": 17,
            "p(95)": 26.949999999999974,
            "avg": 10.855481727574752
        },
        "iteration_duration": {
            "avg": 529.7403010999323,
            "min": 3.408791,
            "med": 353.393209,
            "max": 3821.66075,
            "p(90)": 1210.994375,
            "p(95)": 1684.841541999999
        },
        "http_req_duration": {
            "avg": 74.296990384052,
            "min": 1.336,
            "med": 18.914,
            "max": 1910.107,
            "p(90)": 175.74760000000015,
            "p(95)": 336.02389999999986
        },
        "http_req_connecting": {
            "p(90)": 0.7546000000000004,
            "p(95)": 2.2342999999999993,
            "avg": 0.9442598065083535,
            "min": 0,
            "med": 0.23,
            "max": 277.428
        }
    },