{
    "root_group": {
        "id": "d41d8cd98f00b204e9800998ecf8427e",
        "groups": {},
        "checks": {},
        "name": "",
        "path": ""
    },
    "metrics": {
        "vus_max": {
            "max": 200,
            "value": 200,
            "min": 200
        },
        "http_req_tls_handshaking": {
            "p(95)": 0,
            "avg": 0,
            "min": 0,
            "med": 0,
            "max": 0,
            "p(90)": 0
        },
        "http_req_receiving": {
            "avg": 0.10299165051438766,
            "min": 0.008,
            "med": 0.048,
            "max": 91.235,
            "p(90)": 0.139,
            "p(95)": 0.211
        },
        "http_req_waiting": {
            "avg": 9.443651806570244,
            "min": 0.212,
            "med": 1.167,
            "max": 538.269,
            "p(90)": 11.658,
            "p(95)": 25.875
        },
        "ranking_successful_queries": {
            "count": 606,
            "rate": 4.273219440423747
        },
        "http_reqs": {
            "count": 20121,
            "rate": 141.88357815307958
        },
        "http_req_blocked": {
            "avg": 0.4293264251279747,
            "min": 0.001,
            "med": 0.252,
            "max": 136.994,
            "p(90)": 0.462,
            "p(95)": 0.699
        },
        "http_req_sending": {
            "med": 0.024,
            "max": 50.098,
            "p(90)": 0.06,
            "p(95)": 0.082,
            "avg": 0.053097708861387545,
            "min": 0.004
        },
        "coupon_successful_issues": {
            "count": 98,
            "rate": 0.6910486883853585
        },
        "http_req_duration{scenario:coupon_issue}": {
            "avg": 3.338108714844241,
            "min": 0.256,
            "med": 1.053,
            "max": 242.06,
            "p(90)": 3.2503,
            "p(95)": 7.619749999999996,
            "thresholds": {
                "p(95)<3000": false
            }
        },
        "http_req_connecting": {
            "avg": 0.35151910938819886,
            "min": 0,
            "med": 0.21,
            "max": 118.18,
            "p(90)": 0.366,
            "p(95)": 0.54
        },
        "http_req_duration{expected_response:true}": {
            "med": 2.654,
            "max": 534.188,
            "p(90)": 34.771500000000024,
            "p(95)": 457.7484999999999,
            "avg": 37.53263771712151,
            "min": 0.814
        },
        "order_create_time": {
            "avg": 33.79518480840963,
            "min": 2,
            "med": 9,
            "max": 539,
            "p(90)": 73,
            "p(95)": 173.59999999999923
        },
        "data_received": {
            "count": 7867894,
            "rate": 55480.590092398284
        },
        "iteration_duration": {
            "max": 4104.881209,
            "p(90)": 1011.6761328,
            "p(95)": 1042.383658,
            "avg": 444.8169367369792,
            "min": 0.666583,
            "med": 306.446917
        },
        "iterations": {
            "count": 19413,
            "rate": 136.89110395535678
        },
        "http_req_failed": {
            "passes": 19315,
            "fails": 806,
            "value": 0.9599423487898215
        },
        "data_sent": {
            "count": 4600603,
            "rate": 32441.231315630055
        },
        "ranking_query_time": {
            "min": 1,
            "med": 3,
            "max": 535,
            "p(90)": 94.50000000000001,
            "p(95)": 486,
            "avg": 47.81023102310231
        },
        "http_req_duration": {
            "avg": 9.599741165946005,
            "min": 0.256,
            "med": 1.273,
            "max": 538.476,
            "p(90)": 11.819,
            "p(95)": 26.111
        },
        "vus": {
            "value": 74,
            "min": 0,
            "max": 100
        },
        "http_req_duration{scenario:product_ranking}": {
            "p(90)": 90.2632,
            "p(95)": 170.68369999999953,
            "avg": 34.620313531353105,
            "min": 0.814,
            "med": 4.717499999999999,
            "max": 534.188,
            "thresholds": {
                "p(95)<2000": false
            }
        },
        "http_req_duration{scenario:order_payment}": {
            "avg": 33.05483418107835,
            "min": 1.521,
            "med": 9.016,
            "max": 538.476,
            "p(90)": 71.33620000000002,
            "p(95)": 173.44699999999915,
            "thresholds": {
                "p(95)<3000": false
            }
        }
    },
    "setup_data": {
        "couponId": "f0847702-7bdd-4f0d-abab-b0db7c3fa623",
        "productIds": [
            "3abdf8ab-a3b4-453a-b1f0-be43d1392348",
            "6ec9da06-b2e1-4101-a91d-d6ff952ac141",
            "194f36a6-be26-4820-9624-993ad14d920d",
            "f4dfa431-2e88-48ef-82d4-654bbcbd6c4a",
            "8832d9de-c6c0-4677-92d3-5a37cfc62cc0",
            "d8a46124-8150-4e3c-acf7-5dc68d7300f9",
            "01996e11-7f08-4c83-8ded-36e73c7a4dfa",
            "93545641-411f-41a5-8647-668bcd8da0b1",
            "1bd657d2-5609-4f60-a429-10727728b192",
            "527a0ce2-51bd-4275-b34d-8585763f0876"
        ],